epoc (ms),timestamp (-0500),elapsed (s),x-axis (g),y-axis (g),z-axis (g)
1580933267173,2020-02-05T15.07.47.173,0.000,0.591,-0.867,-0.070
1580933267252,2020-02-05T15.07.47.252,0.079,0.595,-0.874,-0.070
1580933267333,2020-02-05T15.07.47.333,0.160,0.594,-0.873,-0.070
1580933267412,2020-02-05T15.07.47.412,0.239,0.594,-0.872,-0.070
1580933267491,2020-02-05T15.07.47.491,0.318,0.595,-0.872,-0.071
1580933267571,2020-02-05T15.07.47.571,0.398,0.595,-0.872,-0.071
1580933267650,2020-02-05T15.07.47.650,0.477,0.594,-0.872,-0.070
1580933267731,2020-02-05T15.07.47.731,0.558,0.594,-0.872,-0.070
1580933267810,2020-02-05T15.07.47.810,0.637,0.595,-0.873,-0.070
1580933267891,2020-02-05T15.07.47.891,0.718,0.595,-0.872,-0.070
1580933267970,2020-02-05T15.07.47.970,0.797,0.593,-0.873,-0.070
1580933268049,2020-02-05T15.07.48.049,0.876,0.593,-0.872,-0.071
1580933268129,2020-02-05T15.07.48.129,0.956,0.595,-0.873,-0.070
1580933268209,2020-02-05T15.07.48.209,1.036,0.595,-0.873,-0.071
1580933268289,2020-02-05T15.07.48.289,1.116,0.593,-0.872,-0.071
1580933268368,2020-02-05T15.07.48.368,1.195,0.594,-0.873,-0.070
1580933268447,2020-02-05T15.07.48.447,1.274,0.595,-0.872,-0.070
1580933268528,2020-02-05T15.07.48.528,1.355,0.595,-0.872,-0.071
1580933268607,2020-02-05T15.07.48.607,1.434,0.595,-0.872,-0.070
1580933268688,2020-02-05T15.07.48.688,1.515,0.595,-0.873,-0.069
1580933268767,2020-02-05T15.07.48.767,1.594,0.594,-0.871,-0.069
1580933268847,2020-02-05T15.07.48.847,1.674,0.594,-0.872,-0.070
1580933268926,2020-02-05T15.07.48.926,1.753,0.594,-0.872,-0.071
1580933269005,2020-02-05T15.07.49.005,1.832,0.594,-0.872,-0.070
1580933269086,2020-02-05T15.07.49.086,1.913,0.595,-0.873,-0.070
1580933269165,2020-02-05T15.07.49.165,1.992,0.594,-0.873,-0.070
1580933269246,2020-02-05T15.07.49.246,2.073,0.594,-0.871,-0.070
1580933269325,2020-02-05T15.07.49.325,2.152,0.595,-0.873,-0.070
1580933269404,2020-02-05T15.07.49.404,2.231,0.594,-0.873,-0.071
1580933269484,2020-02-05T15.07.49.484,2.311,0.594,-0.872,-0.070
1580933269564,2020-02-05T15.07.49.564,2.391,0.594,-0.872,-0.070
1580933269644,2020-02-05T15.07.49.644,2.471,0.594,-0.873,-0.070
1580933269723,2020-02-05T15.07.49.723,2.550,0.593,-0.871,-0.071
1580933269802,2020-02-05T15.07.49.802,2.629,0.595,-0.873,-0.071
1580933269883,2020-02-05T15.07.49.883,2.710,0.594,-0.872,-0.070
1580933269962,2020-02-05T15.07.49.962,2.789,0.594,-0.873,-0.070
1580933270043,2020-02-05T15.07.50.043,2.870,0.593,-0.873,-0.071
1580933270122,2020-02-05T15.07.50.122,2.949,0.595,-0.873,-0.070
1580933270202,2020-02-05T15.07.50.202,3.029,0.594,-0.873,-0.069
1580933270281,2020-02-05T15.07.50.281,3.108,0.595,-0.872,-0.070
1580933270360,2020-02-05T15.07.50.360,3.187,0.594,-0.873,-0.070
1580933270441,2020-02-05T15.07.50.441,3.268,0.595,-0.873,-0.070
1580933270520,2020-02-05T15.07.50.520,3.347,0.594,-0.872,-0.070
1580933270601,2020-02-05T15.07.50.601,3.428,0.595,-0.873,-0.070
1580933270680,2020-02-05T15.07.50.680,3.507,0.595,-0.873,-0.070
1580933270759,2020-02-05T15.07.50.759,3.586,0.595,-0.873,-0.070
1580933270839,2020-02-05T15.07.50.839,3.666,0.594,-0.873,-0.070
1580933270918,2020-02-05T15.07.50.918,3.745,0.595,-0.873,-0.070
1580933270999,2020-02-05T15.07.50.999,3.826,0.593,-0.871,-0.070
1580933271078,2020-02-05T15.07.51.078,3.905,0.595,-0.873,-0.070
1580933271159,2020-02-05T15.07.51.159,3.986,0.595,-0.873,-0.070
1580933271238,2020-02-05T15.07.51.238,4.065,0.594,-0.873,-0.070
1580933271317,2020-02-05T15.07.51.317,4.144,0.595,-0.873,-0.071
1580933271398,2020-02-05T15.07.51.398,4.225,0.594,-0.873,-0.070
1580933271477,2020-02-05T15.07.51.477,4.304,0.594,-0.872,-0.070
1580933271557,2020-02-05T15.07.51.557,4.384,0.595,-0.873,-0.071
1580933271636,2020-02-05T15.07.51.636,4.463,0.594,-0.873,-0.070
1580933271715,2020-02-05T15.07.51.715,4.542,0.594,-0.872,-0.070
1580933271796,2020-02-05T15.07.51.796,4.623,0.595,-0.873,-0.071
1580933271875,2020-02-05T15.07.51.875,4.702,0.595,-0.873,-0.070
1580933271956,2020-02-05T15.07.51.956,4.783,0.595,-0.872,-0.069
1580933272035,2020-02-05T15.07.52.035,4.862,0.595,-0.872,-0.070
1580933272115,2020-02-05T15.07.52.115,4.942,0.595,-0.873,-0.069
1580933272194,2020-02-05T15.07.52.194,5.021,0.595,-0.873,-0.070
1580933272273,2020-02-05T15.07.52.273,5.100,0.594,-0.872,-0.071
1580933272354,2020-02-05T15.07.52.354,5.181,0.594,-0.873,-0.071
1580933272433,2020-02-05T15.07.52.433,5.260,0.594,-0.873,-0.070
1580933272514,2020-02-05T15.07.52.514,5.341,0.594,-0.872,-0.070
1580933272593,2020-02-05T15.07.52.593,5.420,0.594,-0.873,-0.070
1580933272672,2020-02-05T15.07.52.672,5.499,0.594,-0.871,-0.070
1580933272752,2020-02-05T15.07.52.752,5.579,0.594,-0.872,-0.070
1580933272832,2020-02-05T15.07.52.832,5.659,0.594,-0.873,-0.071
1580933272912,2020-02-05T15.07.52.912,5.739,0.595,-0.873,-0.070
1580933272991,2020-02-05T15.07.52.991,5.818,0.594,-0.872,-0.070
1580933273072,2020-02-05T15.07.53.072,5.899,0.594,-0.873,-0.070
1580933273151,2020-02-05T15.07.53.151,5.978,0.594,-0.871,-0.070
1580933273230,2020-02-05T15.07.53.230,6.057,0.595,-0.873,-0.070
1580933273311,2020-02-05T15.07.53.311,6.138,0.592,-0.870,-0.070
1580933273390,2020-02-05T15.07.53.390,6.217,0.593,-0.872,-0.070
1580933273470,2020-02-05T15.07.53.470,6.297,0.594,-0.874,-0.070
1580933273549,2020-02-05T15.07.53.549,6.376,0.594,-0.873,-0.071
1580933273628,2020-02-05T15.07.53.628,6.455,0.595,-0.872,-0.070
1580933273709,2020-02-05T15.07.53.709,6.536,0.595,-0.873,-0.071
1580933273788,2020-02-05T15.07.53.788,6.615,0.593,-0.872,-0.070
1580933273869,2020-02-05T15.07.53.869,6.696,0.594,-0.872,-0.070
1580933273948,2020-02-05T15.07.53.948,6.775,0.595,-0.873,-0.070
1580933274028,2020-02-05T15.07.54.028,6.855,0.595,-0.873,-0.070
1580933274107,2020-02-05T15.07.54.107,6.934,0.594,-0.872,-0.070
1580933274187,2020-02-05T15.07.54.187,7.014,0.593,-0.872,-0.070
1580933274267,2020-02-05T15.07.54.267,7.094,0.595,-0.873,-0.070
1580933274346,2020-02-05T15.07.54.346,7.173,0.594,-0.873,-0.070
1580933274427,2020-02-05T15.07.54.427,7.254,0.594,-0.873,-0.070
1580933274506,2020-02-05T15.07.54.506,7.333,0.593,-0.872,-0.070
1580933274586,2020-02-05T15.07.54.586,7.413,0.595,-0.875,-0.069
1580933274666,2020-02-05T15.07.54.666,7.493,0.593,-0.871,-0.070
1580933274745,2020-02-05T15.07.54.745,7.572,0.594,-0.873,-0.070
1580933274825,2020-02-05T15.07.54.825,7.652,0.594,-0.872,-0.070
1580933274904,2020-02-05T15.07.54.904,7.731,0.595,-0.874,-0.070
1580933274985,2020-02-05T15.07.54.985,7.812,0.594,-0.873,-0.070
1580933275064,2020-02-05T15.07.55.064,7.891,0.594,-0.873,-0.070
1580933275143,2020-02-05T15.07.55.143,7.970,0.594,-0.872,-0.070
1580933275224,2020-02-05T15.07.55.224,8.051,0.594,-0.872,-0.070
1580933275303,2020-02-05T15.07.55.303,8.130,0.593,-0.873,-0.070
1580933275383,2020-02-05T15.07.55.383,8.210,0.593,-0.873,-0.070
1580933275462,2020-02-05T15.07.55.462,8.289,0.595,-0.872,-0.070
1580933275543,2020-02-05T15.07.55.543,8.370,0.595,-0.874,-0.070
1580933275622,2020-02-05T15.07.55.622,8.449,0.594,-0.872,-0.071
1580933275701,2020-02-05T15.07.55.701,8.528,0.599,-0.870,-0.071
1580933275782,2020-02-05T15.07.55.782,8.609,0.602,-0.874,-0.070
1580933275861,2020-02-05T15.07.55.861,8.688,0.588,-0.874,-0.073
1580933275941,2020-02-05T15.07.55.941,8.768,0.617,-0.872,-0.072
1580933276021,2020-02-05T15.07.56.021,8.848,0.623,-0.900,-0.058
1580933276100,2020-02-05T15.07.56.100,8.927,0.684,-0.914,-0.067
1580933276180,2020-02-05T15.07.56.180,9.007,0.723,-0.997,-0.062
1580933276259,2020-02-05T15.07.56.259,9.086,0.707,-1.030,-0.055
1580933276340,2020-02-05T15.07.56.340,9.167,0.692,-1.047,-0.056
1580933276419,2020-02-05T15.07.56.419,9.246,0.693,-1.046,-0.060
1580933276500,2020-02-05T15.07.56.500,9.327,0.705,-1.041,-0.070
1580933276579,2020-02-05T15.07.56.579,9.406,0.678,-0.988,-0.071
1580933276658,2020-02-05T15.07.56.658,9.485,0.591,-0.886,-0.087
1580933276738,2020-02-05T15.07.56.738,9.565,0.469,-0.743,-0.095
1580933276817,2020-02-05T15.07.56.817,9.644,0.392,-0.629,-0.086
1580933276898,2020-02-05T15.07.56.898,9.725,0.373,-0.576,-0.079
1580933276977,2020-02-05T15.07.56.977,9.804,0.418,-0.608,-0.072
1580933277058,2020-02-05T15.07.57.058,9.885,0.519,-0.732,-0.067
1580933277137,2020-02-05T15.07.57.137,9.964,0.584,-0.854,-0.067
1580933277216,2020-02-05T15.07.57.216,10.043,0.579,-0.889,-0.058
1580933277296,2020-02-05T15.07.57.296,10.123,0.553,-0.876,-0.049
1580933277376,2020-02-05T15.07.57.376,10.203,0.555,-0.863,-0.049
1580933277456,2020-02-05T15.07.57.456,10.283,0.564,-0.860,-0.048
1580933277535,2020-02-05T15.07.57.535,10.362,0.543,-0.835,-0.052
1580933277614,2020-02-05T15.07.57.614,10.441,0.530,-0.816,-0.051
1580933277695,2020-02-05T15.07.57.695,10.522,0.519,-0.816,-0.046
1580933277774,2020-02-05T15.07.57.774,10.601,0.498,-0.816,-0.032
1580933277855,2020-02-05T15.07.57.855,10.682,0.514,-0.859,-0.014
1580933277934,2020-02-05T15.07.57.934,10.761,0.535,-0.883,-0.018
1580933278014,2020-02-05T15.07.58.014,10.841,0.510,-0.838,-0.026
1580933278093,2020-02-05T15.07.58.093,10.920,0.492,-0.806,-0.035
1580933278172,2020-02-05T15.07.58.172,10.999,0.518,-0.854,-0.036
1580933278253,2020-02-05T15.07.58.253,11.080,0.555,-0.914,-0.033
1580933278332,2020-02-05T15.07.58.332,11.159,0.556,-0.960,-0.030
1580933278413,2020-02-05T15.07.58.413,11.240,0.554,-1.012,-0.030
1580933278492,2020-02-05T15.07.58.492,11.319,0.555,-1.067,-0.033
1580933278571,2020-02-05T15.07.58.571,11.398,0.531,-1.078,-0.037
1580933278651,2020-02-05T15.07.58.651,11.478,0.500,-1.059,-0.047
1580933278731,2020-02-05T15.07.58.731,11.558,0.458,-1.001,-0.055
1580933278811,2020-02-05T15.07.58.811,11.638,0.446,-0.983,-0.054
1580933278890,2020-02-05T15.07.58.890,11.717,0.526,-1.128,-0.062
1580933278971,2020-02-05T15.07.58.971,11.798,0.476,-0.880,-0.063
1580933279050,2020-02-05T15.07.59.050,11.877,0.473,-0.905,-0.086
1580933279129,2020-02-05T15.07.59.129,11.956,0.488,-0.982,-0.081
1580933279210,2020-02-05T15.07.59.210,12.037,0.456,-0.929,-0.069
1580933279289,2020-02-05T15.07.59.289,12.116,0.437,-0.959,-0.064
1580933279369,2020-02-05T15.07.59.369,12.196,0.428,-0.956,-0.062
1580933279448,2020-02-05T15.07.59.448,12.275,0.439,-0.954,-0.063
1580933279529,2020-02-05T15.07.59.529,12.356,0.450,-0.953,-0.063
1580933279608,2020-02-05T15.07.59.608,12.435,0.449,-0.977,-0.068
1580933279687,2020-02-05T15.07.59.687,12.514,0.414,-1.027,-0.056
1580933279768,2020-02-05T15.07.59.768,12.595,0.437,-1.139,-0.055
1580933279847,2020-02-05T15.07.59.847,12.674,0.461,-1.186,-0.072
1580933279927,2020-02-05T15.07.59.927,12.754,0.433,-1.176,-0.071
1580933280006,2020-02-05T15.08.00.006,12.833,0.399,-1.171,-0.052
1580933280085,2020-02-05T15.08.00.085,12.912,0.383,-1.187,-0.059
1580933280166,2020-02-05T15.08.00.166,12.993,0.370,-1.128,-0.079
1580933280245,2020-02-05T15.08.00.245,13.072,0.310,-0.970,-0.080
1580933280326,2020-02-05T15.08.00.326,13.153,0.292,-0.837,-0.079
1580933280405,2020-02-05T15.08.00.405,13.232,0.270,-0.724,-0.067
1580933280485,2020-02-05T15.08.00.485,13.312,0.264,-0.687,-0.059
1580933280564,2020-02-05T15.08.00.564,13.391,0.296,-0.763,-0.057
1580933280644,2020-02-05T15.08.00.644,13.471,0.350,-0.901,-0.055
1580933280724,2020-02-05T15.08.00.724,13.551,0.349,-0.954,-0.056
1580933280803,2020-02-05T15.08.00.803,13.630,0.322,-0.963,-0.057
1580933280884,2020-02-05T15.08.00.884,13.711,0.294,-0.997,-0.061
1580933280963,2020-02-05T15.08.00.963,13.790,0.316,-0.981,-0.059
1580933281043,2020-02-05T15.08.01.043,13.870,0.357,-0.951,-0.063
1580933281123,2020-02-05T15.08.01.123,13.950,0.341,-0.935,-0.065
1580933281202,2020-02-05T15.08.01.202,14.029,0.318,-0.934,-0.067
1580933281282,2020-02-05T15.08.01.282,14.109,0.296,-0.918,-0.068
1580933281361,2020-02-05T15.08.01.361,14.188,0.280,-0.904,-0.065
1580933281442,2020-02-05T15.08.01.442,14.269,0.285,-0.911,-0.062
1580933281521,2020-02-05T15.08.01.521,14.348,0.306,-0.931,-0.055
1580933281600,2020-02-05T15.08.01.600,14.427,0.335,-0.956,-0.054
1580933281681,2020-02-05T15.08.01.681,14.508,0.341,-0.921,-0.061
1580933281760,2020-02-05T15.08.01.760,14.587,0.327,-0.876,-0.058
1580933281840,2020-02-05T15.08.01.840,14.667,0.306,-0.867,-0.050
1580933281919,2020-02-05T15.08.01.919,14.746,0.331,-0.981,-0.055
1580933282000,2020-02-05T15.08.02.000,14.827,0.349,-1.090,-0.052
1580933282079,2020-02-05T15.08.02.079,14.906,0.313,-1.095,-0.049
1580933282158,2020-02-05T15.08.02.158,14.985,0.275,-1.115,-0.055
1580933282239,2020-02-05T15.08.02.239,15.066,0.263,-1.164,-0.065
1580933282318,2020-02-05T15.08.02.318,15.145,0.254,-1.154,-0.069
1580933282398,2020-02-05T15.08.02.398,15.225,0.247,-1.116,-0.069
1580933282478,2020-02-05T15.08.02.478,15.305,0.281,-1.217,-0.079
1580933282558,2020-02-05T15.08.02.558,15.385,0.237,-0.984,-0.055
1580933282637,2020-02-05T15.08.02.637,15.464,0.302,-0.999,-0.064
1580933282716,2020-02-05T15.08.02.716,15.543,0.296,-1.024,-0.071
1580933282797,2020-02-05T15.08.02.797,15.624,0.283,-0.990,-0.071
1580933282876,2020-02-05T15.08.02.876,15.703,0.281,-1.017,-0.063
1580933282957,2020-02-05T15.08.02.957,15.784,0.283,-1.013,-0.062
1580933283036,2020-02-05T15.08.03.036,15.863,0.296,-1.010,-0.067
1580933283115,2020-02-05T15.08.03.115,15.942,0.307,-1.050,-0.053
1580933283195,2020-02-05T15.08.03.195,16.022,0.307,-1.112,-0.035
1580933283274,2020-02-05T15.08.03.274,16.101,0.329,-1.210,-0.069
1580933283355,2020-02-05T15.08.03.355,16.182,0.313,-1.193,-0.042
1580933283434,2020-02-05T15.08.03.434,16.261,0.282,-1.207,-0.035
1580933283515,2020-02-05T15.08.03.515,16.342,0.301,-1.187,-0.050
1580933283594,2020-02-05T15.08.03.594,16.421,0.260,-1.158,-0.048
1580933283673,2020-02-05T15.08.03.673,16.500,0.251,-1.117,-0.056
1580933283753,2020-02-05T15.08.03.753,16.580,0.251,-1.013,-0.060
1580933283833,2020-02-05T15.08.03.833,16.660,0.206,-0.851,-0.059
1580933283913,2020-02-05T15.08.03.913,16.740,0.172,-0.709,-0.048
1580933283992,2020-02-05T15.08.03.992,16.819,0.158,-0.704,-0.051
1580933284071,2020-02-05T15.08.04.071,16.898,0.193,-0.839,-0.056
1580933284152,2020-02-05T15.08.04.152,16.979,0.237,-0.954,-0.054
1580933284231,2020-02-05T15.08.04.231,17.058,0.202,-0.963,-0.054
1580933284312,2020-02-05T15.08.04.312,17.139,0.156,-0.997,-0.058
1580933284391,2020-02-05T15.08.04.391,17.218,0.215,-1.050,-0.064
1580933284471,2020-02-05T15.08.04.471,17.298,0.255,-0.999,-0.055
1580933284550,2020-02-05T15.08.04.550,17.377,0.218,-0.976,-0.047
1580933284629,2020-02-05T15.08.04.629,17.456,0.152,-0.995,-0.046
1580933284710,2020-02-05T15.08.04.710,17.537,0.128,-1.004,-0.051
1580933284789,2020-02-05T15.08.04.789,17.616,0.143,-1.014,-0.047
1580933284870,2020-02-05T15.08.04.870,17.697,0.143,-1.007,-0.040
1580933284949,2020-02-05T15.08.04.949,17.776,0.125,-0.932,-0.039
1580933285029,2020-02-05T15.08.05.029,17.856,0.130,-0.872,-0.025
1580933285108,2020-02-05T15.08.05.108,17.935,0.180,-0.928,-0.032
1580933285188,2020-02-05T15.08.05.188,18.015,0.205,-0.887,-0.054
1580933285268,2020-02-05T15.08.05.268,18.095,0.223,-0.893,-0.061
1580933285347,2020-02-05T15.08.05.347,18.174,0.271,-1.022,-0.058
1580933285428,2020-02-05T15.08.05.428,18.255,0.295,-1.109,-0.060
1580933285507,2020-02-05T15.08.05.507,18.334,0.264,-1.075,-0.056
1580933285586,2020-02-05T15.08.05.586,18.413,0.235,-1.046,-0.052
1580933285667,2020-02-05T15.08.05.667,18.494,0.208,-1.065,-0.051
1580933285746,2020-02-05T15.08.05.746,18.573,0.188,-1.116,-0.058
1580933285826,2020-02-05T15.08.05.826,18.653,0.179,-1.157,-0.065
1580933285905,2020-02-05T15.08.05.905,18.732,0.161,-1.142,-0.063
1580933285986,2020-02-05T15.08.05.986,18.813,0.141,-1.072,-0.064
1580933286065,2020-02-05T15.08.06.065,18.892,0.141,-1.040,-0.062
1580933286144,2020-02-05T15.08.06.144,18.971,0.145,-0.975,-0.044
1580933286225,2020-02-05T15.08.06.225,19.052,0.193,-1.281,-0.072
1580933286304,2020-02-05T15.08.06.304,19.131,0.158,-0.928,-0.051
1580933286384,2020-02-05T15.08.06.384,19.211,0.250,-1.075,-0.079
1580933286463,2020-02-05T15.08.06.463,19.290,0.178,-1.022,-0.077
1580933286544,2020-02-05T15.08.06.544,19.371,0.177,-1.030,-0.063
1580933286623,2020-02-05T15.08.06.623,19.450,0.173,-1.073,-0.049
1580933286702,2020-02-05T15.08.06.702,19.529,0.188,-1.182,-0.038
1580933286783,2020-02-05T15.08.06.783,19.610,0.197,-1.215,-0.051
1580933286862,2020-02-05T15.08.06.862,19.689,0.179,-1.161,-0.062
1580933286942,2020-02-05T15.08.06.942,19.769,0.190,-1.186,-0.047
1580933287022,2020-02-05T15.08.07.022,19.849,0.191,-1.193,-0.034
1580933287101,2020-02-05T15.08.07.101,19.928,0.191,-1.159,-0.037
1580933287181,2020-02-05T15.08.07.181,20.008,0.171,-1.098,-0.042
1580933287260,2020-02-05T15.08.07.260,20.087,0.153,-1.011,-0.048
1580933287341,2020-02-05T15.08.07.341,20.168,0.140,-0.905,-0.059
1580933287420,2020-02-05T15.08.07.420,20.247,0.130,-0.812,-0.062
1580933287501,2020-02-05T15.08.07.501,20.328,0.122,-0.782,-0.058
1580933287580,2020-02-05T15.08.07.580,20.407,0.124,-0.853,-0.054
1580933287659,2020-02-05T15.08.07.659,20.486,0.123,-0.949,-0.049
1580933287739,2020-02-05T15.08.07.739,20.566,0.124,-0.966,-0.052
1580933287818,2020-02-05T15.08.07.818,20.645,0.109,-0.991,-0.068
1580933287899,2020-02-05T15.08.07.899,20.726,0.063,-0.998,-0.066
1580933287978,2020-02-05T15.08.07.978,20.805,0.118,-1.031,-0.061
1580933288057,2020-02-05T15.08.08.057,20.884,0.163,-1.030,-0.054
1580933288138,2020-02-05T15.08.08.138,20.965,0.129,-1.014,-0.058
1580933288217,2020-02-05T15.08.08.217,21.044,0.073,-1.009,-0.061
1580933288297,2020-02-05T15.08.08.297,21.124,0.045,-1.022,-0.056
1580933288377,2020-02-05T15.08.08.377,21.204,0.046,-1.029,-0.049
1580933288457,2020-02-05T15.08.08.457,21.284,0.043,-1.044,-0.041
1580933288536,2020-02-05T15.08.08.536,21.363,0.026,-1.009,-0.029
1580933288615,2020-02-05T15.08.08.615,21.442,0.028,-1.000,-0.023
1580933288696,2020-02-05T15.08.08.696,21.523,0.034,-0.998,-0.021
1580933288775,2020-02-05T15.08.08.775,21.602,0.041,-0.938,-0.028
1580933288856,2020-02-05T15.08.08.856,21.683,0.064,-0.914,-0.045
1580933288935,2020-02-05T15.08.08.935,21.762,0.091,-0.931,-0.050
1580933289014,2020-02-05T15.08.09.014,21.841,0.107,-0.925,-0.049
1580933289094,2020-02-05T15.08.09.094,21.921,0.139,-0.961,-0.055
1580933289173,2020-02-05T15.08.09.173,22.000,0.144,-0.989,-0.065
1580933289254,2020-02-05T15.08.09.254,22.081,0.151,-1.045,-0.074
1580933289333,2020-02-05T15.08.09.333,22.160,0.137,-1.090,-0.074
1580933289414,2020-02-05T15.08.09.414,22.241,0.101,-1.090,-0.069
1580933289493,2020-02-05T15.08.09.493,22.320,0.063,-1.115,-0.071
1580933289572,2020-02-05T15.08.09.572,22.399,0.028,-1.157,-0.076
1580933289652,2020-02-05T15.08.09.652,22.479,-0.001,-1.156,-0.072
1580933289731,2020-02-05T15.08.09.731,22.558,-0.018,-1.105,-0.066
1580933289812,2020-02-05T15.08.09.812,22.639,-0.014,-1.052,-0.058
1580933289891,2020-02-05T15.08.09.891,22.718,0.000,-1.012,-0.058
1580933289970,2020-02-05T15.08.09.970,22.797,0.042,-1.210,-0.080
1580933290051,2020-02-05T15.08.10.051,22.878,0.058,-0.998,-0.068
1580933290130,2020-02-05T15.08.10.130,22.957,0.109,-1.054,-0.060
1580933290210,2020-02-05T15.08.10.210,23.037,0.097,-1.060,-0.064
1580933290290,2020-02-05T15.08.10.290,23.117,0.105,-1.021,-0.059
1580933290370,2020-02-05T15.08.10.370,23.197,0.088,-1.043,-0.060
1580933290449,2020-02-05T15.08.10.449,23.276,0.099,-1.034,-0.055
1580933290528,2020-02-05T15.08.10.528,23.355,0.079,-1.036,-0.056
1580933290609,2020-02-05T15.08.10.609,23.436,0.063,-1.038,-0.054
1580933290688,2020-02-05T15.08.10.688,23.515,0.045,-1.041,-0.052
1580933290769,2020-02-05T15.08.10.769,23.596,0.018,-1.038,-0.049
1580933290848,2020-02-05T15.08.10.848,23.675,-0.007,-1.042,-0.047
1580933290928,2020-02-05T15.08.10.928,23.755,-0.042,-1.035,-0.064
1580933291007,2020-02-05T15.08.11.007,23.834,-0.066,-1.027,-0.076
1580933291086,2020-02-05T15.08.11.086,23.913,-0.086,-1.028,-0.071
1580933291167,2020-02-05T15.08.11.167,23.994,-0.103,-1.025,-0.069
1580933291246,2020-02-05T15.08.11.246,24.073,-0.117,-1.021,-0.068
1580933291327,2020-02-05T15.08.11.327,24.154,-0.131,-1.021,-0.066
1580933291406,2020-02-05T15.08.11.406,24.233,-0.137,-1.019,-0.064
1580933291485,2020-02-05T15.08.11.485,24.312,-0.127,-1.020,-0.065
1580933291565,2020-02-05T15.08.11.565,24.392,-0.111,-1.022,-0.057
1580933291645,2020-02-05T15.08.11.645,24.472,-0.088,-1.033,-0.046
1580933291725,2020-02-05T15.08.11.725,24.552,-0.063,-1.035,-0.037
1580933291804,2020-02-05T15.08.11.804,24.631,-0.053,-1.036,-0.044
1580933291885,2020-02-05T15.08.11.885,24.712,-0.059,-1.035,-0.059
1580933291964,2020-02-05T15.08.11.964,24.791,-0.064,-1.030,-0.071
1580933292043,2020-02-05T15.08.12.043,24.870,-0.072,-1.028,-0.076
1580933292124,2020-02-05T15.08.12.124,24.951,-0.084,-1.028,-0.068
1580933292203,2020-02-05T15.08.12.203,25.030,-0.095,-1.029,-0.056
1580933292283,2020-02-05T15.08.12.283,25.110,-0.100,-1.027,-0.054
1580933292362,2020-02-05T15.08.12.362,25.189,-0.103,-1.027,-0.052
1580933292443,2020-02-05T15.08.12.443,25.270,-0.106,-1.027,-0.052
1580933292522,2020-02-05T15.08.12.522,25.349,-0.109,-1.023,-0.057
1580933292601,2020-02-05T15.08.12.601,25.428,-0.109,-1.026,-0.059
1580933292682,2020-02-05T15.08.12.682,25.509,-0.104,-1.026,-0.064
1580933292761,2020-02-05T15.08.12.761,25.588,-0.101,-1.025,-0.069
1580933292841,2020-02-05T15.08.12.841,25.668,-0.097,-1.026,-0.062
1580933292920,2020-02-05T15.08.12.920,25.747,-0.095,-1.028,-0.056
1580933293000,2020-02-05T15.08.13.000,25.827,-0.091,-1.027,-0.057
1580933293080,2020-02-05T15.08.13.080,25.907,-0.089,-1.030,-0.056
1580933293159,2020-02-05T15.08.13.159,25.986,-0.088,-1.029,-0.057
1580933293240,2020-02-05T15.08.13.240,26.067,-0.090,-1.028,-0.059
1580933293319,2020-02-05T15.08.13.319,26.146,-0.095,-1.027,-0.061
1580933293399,2020-02-05T15.08.13.399,26.226,-0.101,-1.026,-0.061
1580933293479,2020-02-05T15.08.13.479,26.306,-0.104,-1.024,-0.061
1580933293558,2020-02-05T15.08.13.558,26.385,-0.104,-1.026,-0.060
1580933293638,2020-02-05T15.08.13.638,26.465,-0.104,-1.025,-0.058
1580933293717,2020-02-05T15.08.13.717,26.544,-0.100,-1.027,-0.059
1580933293798,2020-02-05T15.08.13.798,26.625,-0.096,-1.027,-0.059
1580933293877,2020-02-05T15.08.13.877,26.704,-0.093,-1.028,-0.060
1580933293958,2020-02-05T15.08.13.958,26.785,-0.094,-1.027,-0.060
1580933294037,2020-02-05T15.08.14.037,26.864,-0.095,-1.027,-0.060
1580933294116,2020-02-05T15.08.14.116,26.943,-0.097,-1.027,-0.059
1580933294196,2020-02-05T15.08.14.196,27.023,-0.098,-1.027,-0.060
1580933294275,2020-02-05T15.08.14.275,27.102,-0.099,-1.027,-0.060
1580933294356,2020-02-05T15.08.14.356,27.183,-0.099,-1.027,-0.060
1580933294435,2020-02-05T15.08.14.435,27.262,-0.100,-1.027,-0.059
1580933294516,2020-02-05T15.08.14.516,27.343,-0.099,-1.026,-0.059
1580933294595,2020-02-05T15.08.14.595,27.422,-0.099,-1.028,-0.059
1580933294674,2020-02-05T15.08.14.674,27.501,-0.100,-1.026,-0.060
1580933294754,2020-02-05T15.08.14.754,27.581,-0.099,-1.027,-0.059
1580933294834,2020-02-05T15.08.14.834,27.661,-0.098,-1.026,-0.058
1580933294914,2020-02-05T15.08.14.914,27.741,-0.097,-1.027,-0.059
1580933294993,2020-02-05T15.08.14.993,27.820,-0.097,-1.027,-0.058
1580933295074,2020-02-05T15.08.15.074,27.901,-0.098,-1.027,-0.060
1580933295153,2020-02-05T15.08.15.153,27.980,-0.099,-1.025,-0.060
1580933295232,2020-02-05T15.08.15.232,28.059,-0.099,-1.026,-0.059
1580933295313,2020-02-05T15.08.15.313,28.140,-0.099,-1.026,-0.059
1580933295392,2020-02-05T15.08.15.392,28.219,-0.100,-1.027,-0.058
1580933295472,2020-02-05T15.08.15.472,28.299,-0.099,-1.027,-0.059
1580933295551,2020-02-05T15.08.15.551,28.378,-0.098,-1.026,-0.059
1580933295630,2020-02-05T15.08.15.630,28.457,-0.098,-1.027,-0.060
1580933295711,2020-02-05T15.08.15.711,28.538,-0.099,-1.027,-0.060
1580933295790,2020-02-05T15.08.15.790,28.617,-0.098,-1.027,-0.059
1580933295871,2020-02-05T15.08.15.871,28.698,-0.098,-1.027,-0.059
1580933295950,2020-02-05T15.08.15.950,28.777,-0.099,-1.028,-0.059
1580933296030,2020-02-05T15.08.16.030,28.857,-0.099,-1.026,-0.059
1580933296109,2020-02-05T15.08.16.109,28.936,-0.098,-1.026,-0.059
1580933296189,2020-02-05T15.08.16.189,29.016,-0.100,-1.027,-0.060
1580933296269,2020-02-05T15.08.16.269,29.096,-0.099,-1.027,-0.059
1580933296348,2020-02-05T15.08.16.348,29.175,-0.099,-1.026,-0.058
1580933296429,2020-02-05T15.08.16.429,29.256,-0.098,-1.026,-0.059
1580933296508,2020-02-05T15.08.16.508,29.335,-0.098,-1.027,-0.060
1580933296588,2020-02-05T15.08.16.588,29.415,-0.099,-1.027,-0.059
1580933296668,2020-02-05T15.08.16.668,29.495,-0.099,-1.027,-0.059
1580933296747,2020-02-05T15.08.16.747,29.574,-0.099,-1.026,-0.060
1580933296827,2020-02-05T15.08.16.827,29.654,-0.099,-1.028,-0.060
1580933296906,2020-02-05T15.08.16.906,29.733,-0.099,-1.027,-0.060
1580933296987,2020-02-05T15.08.16.987,29.814,-0.098,-1.026,-0.059
1580933297066,2020-02-05T15.08.17.066,29.893,-0.100,-1.028,-0.059
1580933297147,2020-02-05T15.08.17.147,29.974,-0.100,-1.026,-0.059
1580933297226,2020-02-05T15.08.17.226,30.053,-0.099,-1.027,-0.059
1580933297305,2020-02-05T15.08.17.305,30.132,-0.098,-1.026,-0.059
1580933297385,2020-02-05T15.08.17.385,30.212,-0.099,-1.027,-0.059
1580933297464,2020-02-05T15.08.17.464,30.291,-0.098,-1.025,-0.059
1580933297545,2020-02-05T15.08.17.545,30.372,-0.099,-1.027,-0.060
1580933297624,2020-02-05T15.08.17.624,30.451,-0.099,-1.027,-0.060
1580933297703,2020-02-05T15.08.17.703,30.530,-0.098,-1.027,-0.059
1580933297784,2020-02-05T15.08.17.784,30.611,-0.099,-1.027,-0.059
1580933297863,2020-02-05T15.08.17.863,30.690,-0.099,-1.027,-0.061
1580933297943,2020-02-05T15.08.17.943,30.770,-0.099,-1.027,-0.060
1580933298023,2020-02-05T15.08.18.023,30.850,-0.099,-1.026,-0.059
1580933298103,2020-02-05T15.08.18.103,30.930,-0.099,-1.026,-0.059
1580933298182,2020-02-05T15.08.18.182,31.009,-0.099,-1.026,-0.059
1580933298261,2020-02-05T15.08.18.261,31.088,-0.099,-1.027,-0.059
1580933298342,2020-02-05T15.08.18.342,31.169,-0.099,-1.027,-0.059
1580933298421,2020-02-05T15.08.18.421,31.248,-0.100,-1.027,-0.060
1580933298502,2020-02-05T15.08.18.502,31.329,-0.099,-1.026,-0.059
1580933298581,2020-02-05T15.08.18.581,31.408,-0.099,-1.028,-0.059
1580933298660,2020-02-05T15.08.18.660,31.487,-0.099,-1.026,-0.060
1580933298740,2020-02-05T15.08.18.740,31.567,-0.099,-1.027,-0.060
1580933298819,2020-02-05T15.08.18.819,31.646,-0.099,-1.027,-0.059
1580933298900,2020-02-05T15.08.18.900,31.727,-0.099,-1.028,-0.059
1580933298979,2020-02-05T15.08.18.979,31.806,-0.099,-1.025,-0.059
1580933299060,2020-02-05T15.08.19.060,31.887,-0.100,-1.027,-0.059
1580933299139,2020-02-05T15.08.19.139,31.966,-0.099,-1.026,-0.059
1580933299218,2020-02-05T15.08.19.218,32.045,-0.099,-1.026,-0.059
1580933299298,2020-02-05T15.08.19.298,32.125,-0.099,-1.027,-0.059
1580933299377,2020-02-05T15.08.19.377,32.204,-0.099,-1.029,-0.060
1580933299458,2020-02-05T15.08.19.458,32.285,-0.099,-1.026,-0.060
1580933299537,2020-02-05T15.08.19.537,32.364,-0.099,-1.027,-0.060
1580933299616,2020-02-05T15.08.19.616,32.443,-0.099,-1.027,-0.060
1580933299697,2020-02-05T15.08.19.697,32.524,-0.100,-1.028,-0.059
1580933299776,2020-02-05T15.08.19.776,32.603,-0.099,-1.027,-0.059
1580933299856,2020-02-05T15.08.19.856,32.683,-0.099,-1.027,-0.060
1580933299936,2020-02-05T15.08.19.936,32.763,-0.100,-1.028,-0.058
1580933300016,2020-02-05T15.08.20.016,32.843,-0.099,-1.027,-0.059
1580933300095,2020-02-05T15.08.20.095,32.922,-0.099,-1.027,-0.060
1580933300174,2020-02-05T15.08.20.174,33.001,-0.099,-1.026,-0.060
1580933300255,2020-02-05T15.08.20.255,33.082,-0.099,-1.028,-0.059
1580933300334,2020-02-05T15.08.20.334,33.161,-0.099,-1.027,-0.059
1580933300415,2020-02-05T15.08.20.415,33.242,-0.100,-1.027,-0.060
1580933300494,2020-02-05T15.08.20.494,33.321,-0.100,-1.026,-0.059
1580933300573,2020-02-05T15.08.20.573,33.400,-0.100,-1.028,-0.059
1580933300653,2020-02-05T15.08.20.653,33.480,-0.099,-1.026,-0.060